<?xml version="1.0" encoding="UTF-8"?>
<beans xmlns="http://www.springframework.org/schema/beans"
	xmlns:xsi="http://www.w3.org/2001/XMLSchema-instance"
	xmlns:aop="http://www.springframework.org/schema/aop"
	xmlns:c="http://www.springframework.org/schema/c"
	xmlns:cache="http://www.springframework.org/schema/cache"
	xmlns:context="http://www.springframework.org/schema/context"
	xmlns:jee="http://www.springframework.org/schema/jee"
	xmlns:lang="http://www.springframework.org/schema/lang"
	xmlns:p="http://www.springframework.org/schema/p"
	xmlns:task="http://www.springframework.org/schema/task"
	xsi:schemaLocation="http://www.springframework.org/schema/beans http://www.springframework.org/schema/beans/spring-beans.xsd
		http://www.springframework.org/schema/aop http://www.springframework.org/schema/aop/spring-aop-4.3.xsd
		http://www.springframework.org/schema/cache http://www.springframework.org/schema/cache/spring-cache-4.3.xsd
		http://www.springframework.org/schema/context http://www.springframework.org/schema/context/spring-context-4.3.xsd
		http://www.springframework.org/schema/jee http://www.springframework.org/schema/jee/spring-jee-4.3.xsd
		http://www.springframework.org/schema/lang http://www.springframework.org/schema/lang/spring-lang-4.3.xsd
		http://www.springframework.org/schema/task http://www.springframework.org/schema/task/spring-task-4.3.xsd">
		
		<bean id="employee" class="com.cg.Employee">
		<property name = "eid"> 
		<value>123</value>
		</property>
		<property name = "ename">
		<value>sai</value>
		</property>
		<property name = "esalary">
		<value>2000</value>
		</property>
		<property name = "age">
		<value>20</value>
		</property>
		<property name = "ebu">
		<value>PES-BU</value>
		</property>
		</bean>
		
		
		</beans>