<beans xmlns="http://www.springframework.org/schema/beans"
	xmlns:xsi="http://www.w3.org/2001/XMLSchema-instance" xmlns:context="http://www.springframework.org/schema/context"
	xsi:schemaLocation="http://www.springframework.org/schema/beans
     http://www.springframework.org/schema/beans/spring-beans-4.0.xsd
     http://www.springframework.org/schema/context
     http://www.springframework.org/schema/context/spring-context-4.0.xsd">
     
     <context:component-scan base-package = "com.cg"/>
     
     <bean id = "emp" class = "com.cg.SBU">
     	<property name = "sbuCode" value = "123"></property>
     	<property name = "sbuName" value = "sai"></property>
     	<property name = "sbuHead" value = "kiran"></property>
     	<property name = "empList">
	     	<list>
	     		<ref bean = "emp1"></ref>
	     		<ref bean = "emp2"></ref>
	     	</list>
     	</property>
     </bean>
     
     <bean id = "emp1" class = "com.cg.Employee">
     	<property name = "employeeId" value = "789"></property>
     	<property name = "employeeName" value = "teja"></property>
     	<property name = "salary" value = "25.0"></property>
     </bean>
     
     <bean id = "emp2" class = "com.cg.Employee">
     	<property name = "employeeId" value = "147"></property>
     	<property name = "employeeName" value = "mahesh"></property>
     	<property name = "salary" value = "5.0"></property>
     </bean>
     
     
     
     
     
     
     </beans>